Workbook

Sheet 代號摘要
A1: 代號 | B1: 驗證情境 | C1: 反例 | D1: CSV 列數 | E1: 網站列數 | F1: 列數差 | G1: 漏列／多列說明 | H1: ✓ 數 | I1: ✗ 數 | J1: 不可核對數 | K1: 未填數 | L1: 狀態
A2: A017014321 | B2: 最長歷史（24 列），含同價續期 94→94 | D2: =COUNTIF(核對表!$A$2:$A$115,$A2) -> 24 | E2: 24 | F2: =IF(E2="","",E2-D2) -> 0 | H2: =COUNTIFS(核對表!$A$2:$A$115,$A2,核對表!$J$2:$J$115,"✓")+COUNTIFS(核對表!$A$2:$A$115,$A2,核對表!$K$2:$K$115,"✓")+COUNTIFS(核對表!$A$2:$A$115,$A2,核對表!$L$2:$L$115,"✓") -> 72 | I2: =COUNTIFS(核對表!$A$2:$A$115,$A2,核對表!$J$2:$J$115,"✗")+COUNTIFS(核對表!$A$2:$A$115,$A2,核對表!$K$2:$K$115,"✗")+COUNTIFS(核對表!$A$2:$A$115,$A2,核對表!$L$2:$L$115,"✗") -> 0 | J2: =COUNTIFS(核對表!$A$2:$A$115,$A2,核對表!$J$2:$J$115,"不可核對")+COUNTIFS(核對表!$A$2:$A$115,$A2,核對表!$K$2:$K$115,"不可核對")+COUNTIFS(核對表!$A$2:$A$115,$A2,核對表!$L$2:$L$115,"不可核對") -> 0 | K2: =COUNTIFS(核對表!$A$2:$A$115,$A2,核對表!$J$2:$J$115,"")+COUNTIFS(核對表!$A$2:$A$115,$A2,核對表!$K$2:$K$115,"")+COUNTIFS(核對表!$A$2:$A$115,$A2,核對表!$L$2:$L$115,"") -> 0 | L2: =IF(K2>0,"未完成",IF(I2>0,"有不符","完成")) -> 完成
A3: AC48092100 | B3: 一般多次降價 | D3: =COUNTIF(核對表!$A$2:$A$115,$A3) -> 8 | E3: 8 | F3: =IF(E3="","",E3-D3) -> 0 | H3: =COUNTIFS(核對表!$A$2:$A$115,$A3,核對表!$J$2:$J$115,"✓")+COUNTIFS(核對表!$A$2:$A$115,$A3,核對表!$K$2:$K$115,"✓")+COUNTIFS(核對表!$A$2:$A$115,$A3,核對表!$L$2:$L$115,"✓") -> 24 | I3: =COUNTIFS(核對表!$A$2:$A$115,$A3,核對表!$J$2:$J$115,"✗")+COUNTIFS(核對表!$A$2:$A$115,$A3,核對表!$K$2:$K$115,"✗")+COUNTIFS(核對表!$A$2:$A$115,$A3,核對表!$L$2:$L$115,"✗") -> 0 | J3: =COUNTIFS(核對表!$A$2:$A$115,$A3,核對表!$J$2:$J$115,"不可核對")+COUNTIFS(核對表!$A$2:$A$115,$A3,核對表!$K$2:$K$115,"不可核對")+COUNTIFS(核對表!$A$2:$A$115,$A3,核對表!$L$2:$L$115,"不可核對") -> 0 | K3: =COUNTIFS(核對表!$A$2:$A$115,$A3,核對表!$J$2:$J$115,"")+COUNTIFS(核對表!$A$2:$A$115,$A3,核對表!$K$2:$K$115,"")+COUNTIFS(核對表!$A$2:$A$115,$A3,核對表!$L$2:$L$115,"") -> 0 | L3: =IF(K3>0,"未完成",IF(I3>0,"有不符","完成")) -> 完成
A4: AC48867100 | B4: 終止後恢復支付（29.80 → 0 → 22.90） | C4: 是 | D4: =COUNTIF(核對表!$A$2:$A$115,$A4) -> 12 | E4: 12 | F4: =IF(E4="","",E4-D4) -> 0 | H4: =COUNTIFS(核對表!$A$2:$A$115,$A4,核對表!$J$2:$J$115,"✓")+COUNTIFS(核對表!$A$2:$A$115,$A4,核對表!$K$2:$K$115,"✓")+COUNTIFS(核對表!$A$2:$A$115,$A4,核對表!$L$2:$L$115,"✓") -> 36 | I4: =COUNTIFS(核對表!$A$2:$A$115,$A4,核對表!$J$2:$J$115,"✗")+COUNTIFS(核對表!$A$2:$A$115,$A4,核對表!$K$2:$K$115,"✗")+COUNTIFS(核對表!$A$2:$A$115,$A4,核對表!$L$2:$L$115,"✗") -> 0 | J4: =COUNTIFS(核對表!$A$2:$A$115,$A4,核對表!$J$2:$J$115,"不可核對")+COUNTIFS(核對表!$A$2:$A$115,$A4,核對表!$K$2:$K$115,"不可核對")+COUNTIFS(核對表!$A$2:$A$115,$A4,核對表!$L$2:$L$115,"不可核對") -> 0 | K4: =COUNTIFS(核對表!$A$2:$A$115,$A4,核對表!$J$2:$J$115,"")+COUNTIFS(核對表!$A$2:$A$115,$A4,核對表!$K$2:$K$115,"")+COUNTIFS(核對表!$A$2:$A$115,$A4,核對表!$L$2:$L$115,"") -> 0 | L4: =IF(K4>0,"未完成",IF(I4>0,"有不符","完成")) -> 完成
A5: AC48845100 | B5: 現行已終止 | D5: =COUNTIF(核對表!$A$2:$A$115,$A5) -> 9 | E5: 9 | F5: =IF(E5="","",E5-D5) -> 0 | H5: =COUNTIFS(核對表!$A$2:$A$115,$A5,核對表!$J$2:$J$115,"✓")+COUNTIFS(核對表!$A$2:$A$115,$A5,核對表!$K$2:$K$115,"✓")+COUNTIFS(核對表!$A$2:$A$115,$A5,核對表!$L$2:$L$115,"✓") -> 27 | I5: =COUNTIFS(核對表!$A$2:$A$115,$A5,核對表!$J$2:$J$115,"✗")+COUNTIFS(核對表!$A$2:$A$115,$A5,核對表!$K$2:$K$115,"✗")+COUNTIFS(核對表!$A$2:$A$115,$A5,核對表!$L$2:$L$115,"✗") -> 0 | J5: =COUNTIFS(核對表!$A$2:$A$115,$A5,核對表!$J$2:$J$115,"不可核對")+COUNTIFS(核對表!$A$2:$A$115,$A5,核對表!$K$2:$K$115,"不可核對")+COUNTIFS(核對表!$A$2:$A$115,$A5,核對表!$L$2:$L$115,"不可核對") -> 0 | K5: =COUNTIFS(核對表!$A$2:$A$115,$A5,核對表!$J$2:$J$115,"")+COUNTIFS(核對表!$A$2:$A$115,$A5,核對表!$K$2:$K$115,"")+COUNTIFS(核對表!$A$2:$A$115,$A5,核對表!$L$2:$L$115,"") -> 0 | L5: =IF(K5>0,"未完成",IF(I5>0,"有不符","完成")) -> 完成
A6: B009254100 | B6: 有價 → 暫停 → 終止 | C6: 是 | D6: =COUNTIF(核對表!$A$2:$A$115,$A6) -> 9 | E6: 9 | F6: =IF(E6="","",E6-D6) -> 0 | H6: =COUNTIFS(核對表!$A$2:$A$115,$A6,核對表!$J$2:$J$115,"✓")+COUNTIFS(核對表!$A$2:$A$115,$A6,核對表!$K$2:$K$115,"✓")+COUNTIFS(核對表!$A$2:$A$115,$A6,核對表!$L$2:$L$115,"✓") -> 27 | I6: =COUNTIFS(核對表!$A$2:$A$115,$A6,核對表!$J$2:$J$115,"✗")+COUNTIFS(核對表!$A$2:$A$115,$A6,核對表!$K$2:$K$115,"✗")+COUNTIFS(核對表!$A$2:$A$115,$A6,核對表!$L$2:$L$115,"✗") -> 0 | J6: =COUNTIFS(核對表!$A$2:$A$115,$A6,核對表!$J$2:$J$115,"不可核對")+COUNTIFS(核對表!$A$2:$A$115,$A6,核對表!$K$2:$K$115,"不可核對")+COUNTIFS(核對表!$A$2:$A$115,$A6,核對表!$L$2:$L$115,"不可核對") -> 0 | K6: =COUNTIFS(核對表!$A$2:$A$115,$A6,核對表!$J$2:$J$115,"")+COUNTIFS(核對表!$A$2:$A$115,$A6,核對表!$K$2:$K$115,"")+COUNTIFS(核對表!$A$2:$A$115,$A6,核對表!$L$2:$L$115,"") -> 0 | L6: =IF(K6>0,"未完成",IF(I6>0,"有不符","完成")) -> 完成
A7: BC23981100 | B7: 現行暫停，含 12 個月空窗 | C7: 是 | D7: =COUNTIF(核對表!$A$2:$A$115,$A7) -> 11 | E7: 11 | F7: =IF(E7="","",E7-D7) -> 0 | H7: =COUNTIFS(核對表!$A$2:$A$115,$A7,核對表!$J$2:$J$115,"✓")+COUNTIFS(核對表!$A$2:$A$115,$A7,核對表!$K$2:$K$115,"✓")+COUNTIFS(核對表!$A$2:$A$115,$A7,核對表!$L$2:$L$115,"✓") -> 33 | I7: =COUNTIFS(核對表!$A$2:$A$115,$A7,核對表!$J$2:$J$115,"✗")+COUNTIFS(核對表!$A$2:$A$115,$A7,核對表!$K$2:$K$115,"✗")+COUNTIFS(核對表!$A$2:$A$115,$A7,核對表!$L$2:$L$115,"✗") -> 0 | J7: =COUNTIFS(核對表!$A$2:$A$115,$A7,核對表!$J$2:$J$115,"不可核對")+COUNTIFS(核對表!$A$2:$A$115,$A7,核對表!$K$2:$K$115,"不可核對")+COUNTIFS(核對表!$A$2:$A$115,$A7,核對表!$L$2:$L$115,"不可核對") -> 0 | K7: =COUNTIFS(核對表!$A$2:$A$115,$A7,核對表!$J$2:$J$115,"")+COUNTIFS(核對表!$A$2:$A$115,$A7,核對表!$K$2:$K$115,"")+COUNTIFS(核對表!$A$2:$A$115,$A7,核對表!$L$2:$L$115,"") -> 0 | L7: =IF(K7>0,"未完成",IF(I7>0,"有不符","完成")) -> 完成
A8: A035680329 | B8: 1 個月空窗後終止 | C8: 是 | D8: =COUNTIF(核對表!$A$2:$A$115,$A8) -> 7 | E8: 7 | F8: =IF(E8="","",E8-D8) -> 0 | H8: =COUNTIFS(核對表!$A$2:$A$115,$A8,核對表!$J$2:$J$115,"✓")+COUNTIFS(核對表!$A$2:$A$115,$A8,核對表!$K$2:$K$115,"✓")+COUNTIFS(核對表!$A$2:$A$115,$A8,核對表!$L$2:$L$115,"✓") -> 21 | I8: =COUNTIFS(核對表!$A$2:$A$115,$A8,核對表!$J$2:$J$115,"✗")+COUNTIFS(核對表!$A$2:$A$115,$A8,核對表!$K$2:$K$115,"✗")+COUNTIFS(核對表!$A$2:$A$115,$A8,核對表!$L$2:$L$115,"✗") -> 0 | J8: =COUNTIFS(核對表!$A$2:$A$115,$A8,核對表!$J$2:$J$115,"不可核對")+COUNTIFS(核對表!$A$2:$A$115,$A8,核對表!$K$2:$K$115,"不可核對")+COUNTIFS(核對表!$A$2:$A$115,$A8,核對表!$L$2:$L$115,"不可核對") -> 0 | K8: =COUNTIFS(核對表!$A$2:$A$115,$A8,核對表!$J$2:$J$115,"")+COUNTIFS(核對表!$A$2:$A$115,$A8,核對表!$K$2:$K$115,"")+COUNTIFS(核對表!$A$2:$A$115,$A8,核對表!$L$2:$L$115,"") -> 0 | L8: =IF(K8>0,"未完成",IF(I8>0,"有不符","完成")) -> 完成
A9: BC05037209 | B9: 預告終止（2026-10-01） | C9: 是 | D9: =COUNTIF(核對表!$A$2:$A$115,$A9) -> 6 | E9: 6 | F9: =IF(E9="","",E9-D9) -> 0 | H9: =COUNTIFS(核對表!$A$2:$A$115,$A9,核對表!$J$2:$J$115,"✓")+COUNTIFS(核對表!$A$2:$A$115,$A9,核對表!$K$2:$K$115,"✓")+COUNTIFS(核對表!$A$2:$A$115,$A9,核對表!$L$2:$L$115,"✓") -> 18 | I9: =COUNTIFS(核對表!$A$2:$A$115,$A9,核對表!$J$2:$J$115,"✗")+COUNTIFS(核對表!$A$2:$A$115,$A9,核對表!$K$2:$K$115,"✗")+COUNTIFS(核對表!$A$2:$A$115,$A9,核對表!$L$2:$L$115,"✗") -> 0 | J9: =COUNTIFS(核對表!$A$2:$A$115,$A9,核對表!$J$2:$J$115,"不可核對")+COUNTIFS(核對表!$A$2:$A$115,$A9,核對表!$K$2:$K$115,"不可核對")+COUNTIFS(核對表!$A$2:$A$115,$A9,核對表!$L$2:$L$115,"不可核對") -> 0 | K9: =COUNTIFS(核對表!$A$2:$A$115,$A9,核對表!$J$2:$J$115,"")+COUNTIFS(核對表!$A$2:$A$115,$A9,核對表!$K$2:$K$115,"")+COUNTIFS(核對表!$A$2:$A$115,$A9,核對表!$L$2:$L$115,"") -> 0 | L9: =IF(K9>0,"未完成",IF(I9>0,"有不符","完成")) -> 完成
A10: AB47689100 | B10: 預告調價（2026-10-01 → 7.90） | C10: 是 | D10: =COUNTIF(核對表!$A$2:$A$115,$A10) -> 12 | E10: 12 | F10: =IF(E10="","",E10-D10) -> 0 | H10: =COUNTIFS(核對表!$A$2:$A$115,$A10,核對表!$J$2:$J$115,"✓")+COUNTIFS(核對表!$A$2:$A$115,$A10,核對表!$K$2:$K$115,"✓")+COUNTIFS(核對表!$A$2:$A$115,$A10,核對表!$L$2:$L$115,"✓") -> 36 | I10: =COUNTIFS(核對表!$A$2:$A$115,$A10,核對表!$J$2:$J$115,"✗")+COUNTIFS(核對表!$A$2:$A$115,$A10,核對表!$K$2:$K$115,"✗")+COUNTIFS(核對表!$A$2:$A$115,$A10,核對表!$L$2:$L$115,"✗") -> 0 | J10: =COUNTIFS(核對表!$A$2:$A$115,$A10,核對表!$J$2:$J$115,"不可核對")+COUNTIFS(核對表!$A$2:$A$115,$A10,核對表!$K$2:$K$115,"不可核對")+COUNTIFS(核對表!$A$2:$A$115,$A10,核對表!$L$2:$L$115,"不可核對") -> 0 | K10: =COUNTIFS(核對表!$A$2:$A$115,$A10,核對表!$J$2:$J$115,"")+COUNTIFS(核對表!$A$2:$A$115,$A10,核對表!$K$2:$K$115,"")+COUNTIFS(核對表!$A$2:$A$115,$A10,核對表!$L$2:$L$115,"") -> 0 | L10: =IF(K10>0,"未完成",IF(I10>0,"有不符","完成")) -> 完成
A11: BC26467100 | B11: 預告列成分欄損毀；metadata 不得取該列 | C11: 是 | D11: =COUNTIF(核對表!$A$2:$A$115,$A11) -> 10 | E11: 10 | F11: =IF(E11="","",E11-D11) -> 0 | H11: =COUNTIFS(核對表!$A$2:$A$115,$A11,核對表!$J$2:$J$115,"✓")+COUNTIFS(核對表!$A$2:$A$115,$A11,核對表!$K$2:$K$115,"✓")+COUNTIFS(核對表!$A$2:$A$115,$A11,核對表!$L$2:$L$115,"✓") -> 30 | I11: =COUNTIFS(核對表!$A$2:$A$115,$A11,核對表!$J$2:$J$115,"✗")+COUNTIFS(核對表!$A$2:$A$115,$A11,核對表!$K$2:$K$115,"✗")+COUNTIFS(核對表!$A$2:$A$115,$A11,核對表!$L$2:$L$115,"✗") -> 0 | J11: =COUNTIFS(核對表!$A$2:$A$115,$A11,核對表!$J$2:$J$115,"不可核對")+COUNTIFS(核對表!$A$2:$A$115,$A11,核對表!$K$2:$K$115,"不可核對")+COUNTIFS(核對表!$A$2:$A$115,$A11,核對表!$L$2:$L$115,"不可核對") -> 0 | K11: =COUNTIFS(核對表!$A$2:$A$115,$A11,核對表!$J$2:$J$115,"")+COUNTIFS(核對表!$A$2:$A$115,$A11,核對表!$K$2:$K$115,"")+COUNTIFS(核對表!$A$2:$A$115,$A11,核對表!$L$2:$L$115,"") -> 0 | L11: =IF(K11>0,"未完成",IF(I11>0,"有不符","完成")) -> 完成
A12: A020296321 | B12: 首列 0 元後首次有價（first_priced） | C12: 是 | D12: =COUNTIF(核對表!$A$2:$A$115,$A12) -> 6 | E12: 6 | F12: =IF(E12="","",E12-D12) -> 0 | H12: =COUNTIFS(核對表!$A$2:$A$115,$A12,核對表!$J$2:$J$115,"✓")+COUNTIFS(核對表!$A$2:$A$115,$A12,核對表!$K$2:$K$115,"✓")+COUNTIFS(核對表!$A$2:$A$115,$A12,核對表!$L$2:$L$115,"✓") -> 18 | I12: =COUNTIFS(核對表!$A$2:$A$115,$A12,核對表!$J$2:$J$115,"✗")+COUNTIFS(核對表!$A$2:$A$115,$A12,核對表!$K$2:$K$115,"✗")+COUNTIFS(核對表!$A$2:$A$115,$A12,核對表!$L$2:$L$115,"✗") -> 0 | J12: =COUNTIFS(核對表!$A$2:$A$115,$A12,核對表!$J$2:$J$115,"不可核對")+COUNTIFS(核對表!$A$2:$A$115,$A12,核對表!$K$2:$K$115,"不可核對")+COUNTIFS(核對表!$A$2:$A$115,$A12,核對表!$L$2:$L$115,"不可核對") -> 0 | K12: =COUNTIFS(核對表!$A$2:$A$115,$A12,核對表!$J$2:$J$115,"")+COUNTIFS(核對表!$A$2:$A$115,$A12,核對表!$K$2:$K$115,"")+COUNTIFS(核對表!$A$2:$A$115,$A12,核對表!$L$2:$L$115,"") -> 0 | L12: =IF(K12>0,"未完成",IF(I12>0,"有不符","完成")) -> 完成
A13: 合計 | D13: =SUM(D2:D12) -> 114 | H13: =SUM(H2:H12) -> 342 | I13: =SUM(I2:I12) -> 0 | J13: =SUM(J2:J12) -> 0 | K13: =SUM(K2:K12) -> 0

Sheet 說明
A1: 健保藥價歷史 golden 代號人工核對表
A2: 資料來源：健保署「健保用藥品項查詢項目檔」2026-09-11 下載之凍結快照（tests/fixtures/source_snapshot_2026-09-11.csv）
A3: 目的：以獨立來源（健保署藥品查詢網站）逐列核對本站 ETL 對 11 個代號的判讀是否正確（plan.md D1）。
A5: 填寫方式
A6: 1. 只填黃底格子；其他格子為本站輸出，請勿修改。
A7: 2. 「核對表」每列三個核對欄請填：✓（相符）／✗（不符）／不可核對（網站未提供該資訊）。
A8: 3. 標「不可核對」的列，請在備註寫明替代核對方式（例：已抽核 CSV 原檔）。
A9: 4. 「代號摘要」請填網站上看到的列數；與 CSV 列數不同時，請寫明漏列或多列。
A10: 5. 最下方填寫核對人與核對日期。
A12: 時限：AB47689100、BC05037209 的預告生效日為 2026-10-01，請於該日前完成（網站可能不再顯示預告狀態）。
A14: 範例列（格式示意，非實際資料）
A15: 代號 | B15: 序 | C15: 有效起日 | D15: 有效迄日 | E15: CSV 支付價原字串 | F15: 本站判定狀態 | G15: 本站事件 | H15: 前次有價 | I15: 變動 % | J15: 網站：起迄日相符 | K15: 網站：支付價相符 | L15: 狀態判定同意 | M15: 備註
A16: AC48867100 | B16: 4 | C16: 2017-12-01 | D16: 2018-04-30 | E16: 22.90 | F16: 有價 | G16: 恢復支付（跨越停止期間） | H16: 29.80 | I16: -23.15 | J16: ✓ | K16: ✓ | L16: ✓ | M16: 網站顯示 22.9，與原字串 22.90 數值相符
A18: 核對人 | B18: liangRxdev
A19: 核對日期（YYYY-MM-DD） | B19: 2026-09-11

Sheet 核對表
A1: 代號 | B1: 序 | C1: 有效起日 | D1: 有效迄日 | E1: CSV 支付價原字串 | F1: 本站判定狀態 | G1: 本站事件 | H1: 前次有價 | I1: 變動 % | J1: 網站：起迄日相符 | K1: 網站：支付價相符 | L1: 狀態判定同意 | M1: 備註
A2: A017014321 | B2: 1 | C2: 1997-08-01 | D2: 1999-03-31 | E2: 94.00 | F2: 有價 | G2: 首筆 | J2: ✓ | K2: ✓ | L2: ✓
A3: A017014321 | B3: 2 | C3: 1999-04-01 | D3: 1999-09-30 | E3: 94.00 | F3: 有價 | G3: 未變動 | H3: 94.00 | J3: ✓ | K3: ✓ | L3: ✓
A4: A017014321 | B4: 3 | C4: 1999-10-01 | D4: 2000-03-31 | E4: 88.36 | F4: 有價 | G4: 降價 | H4: 94.00 | I4: -6.00 | J4: ✓ | K4: ✓ | L4: ✓
A5: A017014321 | B5: 4 | C5: 2000-04-01 | D5: 2000-09-30 | E5: 74.57 | F5: 有價 | G5: 降價 | H5: 88.36 | I5: -15.61 | J5: ✓ | K5: ✓ | L5: ✓
A6: A017014321 | B6: 5 | C6: 2000-10-01 | D6: 2001-03-31 | E6: 82.72 | F6: 有價 | G6: 漲價 | H6: 74.57 | I6: 10.93 | J6: ✓ | K6: ✓ | L6: ✓
A7: A017014321 | B7: 6 | C7: 2001-04-01 | D7: 2001-09-30 | E7: 76.63 | F7: 有價 | G7: 降價 | H7: 82.72 | I7: -7.36 | J7: ✓ | K7: ✓ | L7: ✓
A8: A017014321 | B8: 7 | C8: 2001-10-01 | D8: 2003-02-28 | E8: 75.20 | F8: 有價 | G8: 降價 | H8: 76.63 | I8: -1.87 | J8: ✓ | K8: ✓ | L8: ✓
A9: A017014321 | B9: 8 | C9: 2003-03-01 | D9: 2006-10-31 | E9: 69.00 | F9: 有價 | G9: 降價 | H9: 75.20 | I9: -8.24 | J9: ✓ | K9: ✓ | L9: ✓
A10: A017014321 | B10: 9 | C10: 2006-11-01 | D10: 2007-08-31 | E10: 61.00 | F10: 有價 | G10: 降價 | H10: 69.00 | I10: -11.59 | J10: ✓ | K10: ✓ | L10: ✓
A11: A017014321 | B11: 10 | C11: 2007-09-01 | D11: 2009-09-30 | E11: 56.00 | F11: 有價 | G11: 降價 | H11: 61.00 | I11: -8.20 | J11: ✓ | K11: ✓ | L11: ✓
A12: A017014321 | B12: 11 | C12: 2009-10-01 | D12: 2011-11-30 | E12: 43.40 | F12: 有價 | G12: 降價 | H12: 56.00 | I12: -22.50 | J12: ✓ | K12: ✓ | L12: ✓
A13: A017014321 | B13: 12 | C13: 2011-12-01 | D13: 2014-06-30 | E13: 40.90 | F13: 有價 | G13: 降價 | H13: 43.40 | I13: -5.76 | J13: ✓ | K13: ✓ | L13: ✓
A14: A017014321 | B14: 13 | C14: 2014-07-01 | D14: 2015-03-31 | E14: 39.80 | F14: 有價 | G14: 降價 | H14: 40.90 | I14: -2.69 | J14: ✓ | K14: ✓ | L14: ✓
A15: A017014321 | B15: 14 | C15: 2015-04-01 | D15: 2016-03-31 | E15: 36.10 | F15: 有價 | G15: 降價 | H15: 39.80 | I15: -9.30 | J15: ✓ | K15: ✓ | L15: ✓
... A25: A017014321 | B25: 24 | C25: 2026-04-01 | D25: （持續有效） | E25: 28.10 | F25: 有價 | G25: 降價 | H25: 29.00 | I25: -3.10 | J25: ✓ | K25: ✓ | L25: ✓
A26: AC48092100 | B26: 1 | C26: 2016-08-01 | D26: 2017-03-31 | E26: 9.90 | F26: 有價 | G26: 首筆 | J26: ✓ | K26: ✓ | L26: ✓
A27: AC48092100 | B27: 2 | C27: 2017-04-01 | D27: 2018-04-30 | E27: 8.80 | F27: 有價 | G27: 降價 | H27: 9.90 | I27: -11.11 | J27: ✓ | K27: ✓ | L27: ✓
A28: AC48092100 | B28: 3 | C28: 2018-05-01 | D28: 2019-03-31 | E28: 7.50 | F28: 有價 | G28: 降價 | H28: 8.80 | I28: -14.77 | J28: ✓ | K28: ✓ | L28: ✓
A29: AC48092100 | B29: 4 | C29: 2019-04-01 | D29: 2020-09-30 | E29: 6.70 | F29: 有價 | G29: 降價 | H29: 7.50 | I29: -10.67 | J29: ✓ | K29: ✓ | L29: ✓
A30: AC48092100 | B30: 5 | C30: 2020-10-01 | D30: 2021-12-31 | E30: 6.20 | F30: 有價 | G30: 降價 | H30: 6.70 | I30: -7.46 | J30: ✓ | K30: ✓ | L30: ✓
A31: AC48092100 | B31: 6 | C31: 2022-01-01 | D31: 2023-03-31 | E31: 5.30 | F31: 有價 | G31: 降價 | H31: 6.20 | I31: -14.52 | J31: ✓ | K31: ✓ | L31: ✓
A32: AC48092100 | B32: 7 | C32: 2023-04-01 | D32: 2024-03-31 | E32: 4.61 | F32: 有價 | G32: 降價 | H32: 5.30 | I32: -13.02 | J32: ✓ | K32: ✓ | L32: ✓
A33: AC48092100 | B33: 8 | C33: 2024-04-01 | D33: （持續有效） | E33: 4.12 | F33: 有價 | G33: 降價 | H33: 4.61 | I33: -10.63 | J33: ✓ | K33: ✓ | L33: ✓
A34: AC48867100 | B34: 1 | C34: 2013-08-01 | D34: 2014-04-30 | E34: 32.30 | F34: 有價 | G34: 首筆 | J34: ✓ | K34: ✓ | L34: ✓
A35: AC48867100 | B35: 2 | C35: 2014-05-01 | D35: 2014-12-31 | E35: 29.80 | F35: 有價 | G35: 降價 | H35: 32.30 | I35: -7.74 | J35: ✓ | K35: ✓ | L35: ✓
A36: AC48867100 | B36: 3 | C36: 2015-01-01 | D36: 2017-11-30 | E36: 0.00 | F36: 健保支付價 0 元（已終止支付） | G36: 終止支付 | H36: 29.80 | J36: ✓ | K36: ✓ | L36: ✓
A37: AC48867100 | B37: 4 | C37: 2017-12-01 | D37: 2018-04-30 | E37: 22.90 | F37: 有價 | G37: 恢復支付（跨越停止期間） | H37: 29.80 | I37: -23.15 | J37: ✓ | K37: ✓ | L37: ✓
A38: AC48867100 | B38: 5 | C38: 2018-05-01 | D38: 2019-03-31 | E38: 20.50 | F38: 有價 | G38: 降價 | H38: 22.90 | I38: -10.48 | J38: ✓ | K38: ✓ | L38: ✓
A39: AC48867100 | B39: 6 | C39: 2019-04-01 | D39: 2020-09-30 | E39: 18.90 | F39: 有價 | G39: 降價 | H39: 20.50 | I39: -7.80 | J39: ✓ | K39: ✓ | L39: ✓
A40: AC48867100 | B40: 7 | C40: 2020-10-01 | D40: 2021-12-31 | E40: 20.40 | F40: 有價 | G40: 漲價 | H40: 18.90 | I40: 7.94 | J40: ✓ | K40: ✓ | L40: ✓
A41: AC48867100 | B41: 8 | C41: 2022-01-01 | D41: 2023-03-31 | E41: 18.40 | F41: 有價 | G41: 降價 | H41: 20.40 | I41: -9.80 | J41: ✓ | K41: ✓ | L41: ✓
A42: AC48867100 | B42: 9 | C42: 2023-04-01 | D42: 2024-03-31 | E42: 16.30 | F42: 有價 | G42: 降價 | H42: 18.40 | I42: -11.41 | J42: ✓ | K42: ✓ | L42: ✓
A43: AC48867100 | B43: 10 | C43: 2024-04-01 | D43: 2025-03-31 | E43: 14.60 | F43: 有價 | G43: 降價 | H43: 16.30 | I43: -10.43 | J43: ✓ | K43: ✓ | L43: ✓
A44: AC48867100 | B44: 11 | C44: 2025-04-01 | D44: 2026-03-31 | E44: 13.50 | F44: 有價 | G44: 降價 | H44: 14.60 | I44: -7.53 | J44: ✓ | K44: ✓ | L44: ✓
A45: AC48867100 | B45: 12 | C45: 2026-04-01 | D45: （持續有效） | E45: 12.50 | F45: 有價 | G45: 降價 | H45: 13.50 | I45: -7.41 | J45: ✓ | K45: ✓ | L45: ✓
A46: AC48845100 | B46: 1 | C46: 2013-08-01 | D46: 2014-06-30 | E46: 4.80 | F46: 有價 | G46: 首筆 | J46: ✓ | K46: ✓ | L46: ✓
A47: AC48845100 | B47: 2 | C47: 2014-07-01 | D47: 2015-03-31 | E47: 5.70 | F47: 有價 | G47: 漲價 | H47: 4.80 | I47: 18.75 | J47: ✓ | K47: ✓ | L47: ✓
A48: AC48845100 | B48: 3 | C48: 2015-04-01 | D48: 2016-03-31 | E48: 5.40 | F48: 有價 | G48: 降價 | H48: 5.70 | I48: -5.26 | J48: ✓ | K48: ✓ | L48: ✓
A49: AC48845100 | B49: 4 | C49: 2016-04-01 | D49: 2017-03-31 | E49: 5.30 | F49: 有價 | G49: 降價 | H49: 5.40 | I49: -1.85 | J49: ✓ | K49: ✓ | L49: ✓
A50: AC48845100 | B50: 5 | C50: 2017-04-01 | D50: 2018-04-30 | E50: 5.10 | F50: 有價 | G50: 降價 | H50: 5.30 | I50: -3.77 | J50: ✓ | K50: ✓ | L50: ✓
A51: AC48845100 | B51: 6 | C51: 2018-05-01 | D51: 2019-03-31 | E51: 4.98 | F51: 有價 | G51: 降價 | H51: 5.10 | I51: -2.35 | J51: ✓ | K51: ✓ | L51: ✓
A52: AC48845100 | B52: 7 | C52: 2019-04-01 | D52: 2020-09-30 | E52: 4.92 | F52: 有價 | G52: 降價 | H52: 4.98 | I52: -1.20 | J52: ✓ | K52: ✓ | L52: ✓
A53: AC48845100 | B53: 8 | C53: 2020-10-01 | D53: 2025-08-31 | E53: 4.88 | F53: 有價 | G53: 降價 | H53: 4.92 | I53: -0.81 | J53: ✓ | K53: ✓ | L53: ✓
A54: AC48845100 | B54: 9 | C54: 2025-09-01 | D54: （持續有效） | E54: 0.00 | F54: 健保支付價 0 元（已終止支付） | G54: 終止支付 | H54: 4.88 | J54: ✓ | K54: ✓ | L54: ✓
A55: B009254100 | B55: 1 | C55: 1995-03-01 | D55: 2003-02-28 | E55: 7.26 | F55: 有價 | G55: 首筆 | J55: ✓ | K55: ✓ | L55: ✓
A56: B009254100 | B56: 2 | C56: 2003-03-01 | D56: 2006-10-31 | E56: 7.00 | F56: 有價 | G56: 降價 | H56: 7.26 | I56: -3.58 | J56: ✓ | K56: ✓ | L56: ✓
A57: B009254100 | B57: 3 | C57: 2006-11-01 | D57: 2007-08-31 | E57: 6.50 | F57: 有價 | G57: 降價 | H57: 7.00 | I57: -7.14 | J57: ✓ | K57: ✓ | L57: ✓
A58: B009254100 | B58: 4 | C58: 2007-09-01 | D58: 2009-09-30 | E58: 6.40 | F58: 有價 | G58: 降價 | H58: 6.50 | I58: -1.54 | J58: ✓ | K58: ✓ | L58: ✓
A59: B009254100 | B59: 5 | C59: 2009-10-01 | D59: 2011-11-30 | E59: 5.20 | F59: 有價 | G59: 降價 | H59: 6.40 | I59: -18.75 | J59: ✓ | K59: ✓ | L59: ✓
A60: B009254100 | B60: 6 | C60: 2011-12-01 | D60: 2014-06-30 | E60: 4.91 | F60: 有價 | G60: 降價 | H60: 5.20 | I60: -5.58 | J60: ✓ | K60: ✓ | L60: ✓
A61: B009254100 | B61: 7 | C61: 2014-07-01 | D61: 2014-07-31 | E61: 4.81 | F61: 有價 | G61: 降價 | H61: 4.91 | I61: -2.04 | J61: ✓ | K61: ✓ | L61: ✓
A62: B009254100 | B62: 8 | C62: 2014-08-01 | D62: 2015-01-31 | E62: - | F62: 暫停支付（來源標示 -） | G62: 暫停支付 | H62: 4.81 | J62: ✓ | K62: ✓ | L62: ✓
A63: B009254100 | B63: 9 | C63: 2015-02-01 | D63: （持續有效） | E63: 0.00 | F63: 健保支付價 0 元（已終止支付） | G63: 終止支付 | H63: 4.81 | J63: ✓ | K63: ✓ | L63: ✓
A64: BC23981100 | B64: 1 | C64: 2015-02-01 | D64: 2015-03-31 | E64: 17.80 | F64: 有價 | G64: 首筆 | J64: ✓ | K64: ✓ | L64: ✓
A65: BC23981100 | B65: 2 | C65: 2015-04-01 | D65: 2016-03-31 | E65: 16.60 | F65: 有價 | G65: 降價 | H65: 17.80 | I65: -6.74 | J65: ✓ | K65: ✓ | L65: ✓
A66: BC23981100 | B66: 3 | C66: 2016-04-01 | D66: 2017-03-31 | E66: 16.10 | F66: 有價 | G66: 降價 | H66: 16.60 | I66: -3.01 | J66: ✓ | K66: ✓ | L66: ✓
A67: BC23981100 | B67: 4 | C67: 2017-04-01 | D67: 2018-04-30 | E67: 15.30 | F67: 有價 | G67: 降價 | H67: 16.10 | I67: -4.97 | J67: ✓ | K67: ✓ | L67: ✓
A68: BC23981100 | B68: 5 | C68: 2018-05-01 | D68: 2019-03-31 | E68: 14.40 | F68: 有價 | G68: 降價 | H68: 15.30 | I68: -5.88 | J68: ✓ | K68: ✓ | L68: ✓
A69: BC23981100 | B69: 6 | C69: 2019-04-01 | D69: 2019-05-31 | E69: 13.80 | F69: 有價 | G69: 降價 | H69: 14.40 | I69: -4.17 | J69: ✓ | K69: ✓ | L69: ✓
A70: BC23981100 | B70: 7 | C70: 2019-06-01 | D70: 2019-11-30 | E70: - | F70: 暫停支付（來源標示 -） | G70: 暫停支付 | H70: 13.80 | J70: ✓ | K70: ✓ | L70: ✓
A71: BC23981100 | B71: 8 | C71: 2020-12-01 | D71: 2021-12-31 | E71: - | F71: 暫停支付（來源標示 -） | G71: 未變動 | J71: ✓ | K71: ✓ | L71: ✓
A72: BC23981100 | B72: 9 | C72: 2022-01-01 | D72: 2022-11-30 | E72: - | F72: 暫停支付（來源標示 -） | G72: 未變動 | J72: ✓ | K72: ✓ | L72: ✓
A73: BC23981100 | B73: 10 | C73: 2022-12-01 | D73: 2023-11-30 | E73: - | F73: 暫停支付（來源標示 -） | G73: 未變動 | J73: ✓ | K73: ✓ | L73: ✓
A74: BC23981100 | B74: 11 | C74: 2023-12-01 | D74: （持續有效） | E74: - | F74: 暫停支付（來源標示 -） | G74: 未變動 | J74: ✓ | K74: ✓ | L74: ✓
A75: A035680329 | B75: 1 | C75: 1997-03-01 | D75: 2001-03-31 | E75: 60.00 | F75: 有價 | G75: 首筆 | J75: ✓ | K75: ✓ | L75: ✓
A76: A035680329 | B76: 2 | C76: 2001-04-01 | D76: 2006-10-31 | E76: 59.00 | F76: 有價 | G76: 降價 | H76: 60.00 | I76: -1.67 | J76: ✓ | K76: ✓ | L76: ✓
A77: A035680329 | B77: 3 | C77: 2006-11-01 | D77: 2007-08-31 | E77: 47.10 | F77: 有價 | G77: 降價 | H77: 59.00 | I77: -20.17 | J77: ✓ | K77: ✓ | L77: ✓
A78: A035680329 | B78: 4 | C78: 2007-09-01 | D78: 2009-09-30 | E78: 35.30 | F78: 有價 | G78: 降價 | H78: 47.10 | I78: -25.05 | J78: ✓ | K78: ✓ | L78: ✓
A79: A035680329 | B79: 5 | C79: 2009-10-01 | D79: 2010-03-31 | E79: 24.60 | F79: 有價 | G79: 降價 | H79: 35.30 | I79: -30.31 | J79: ✓ | K79: ✓ | L79: ✓
A80: A035680329 | B80: 6 | C80: 2010-04-01 | D80: 2010-08-31 | E80: 23.80 | F80: 有價 | G80: 降價 | H80: 24.60 | I80: -3.25 | J80: ✓ | K80: ✓ | L80: ✓
A81: A035680329 | B81: 7 | C81: 2010-10-01 | D81: （持續有效） | E81: 0.00 | F81: 健保支付價 0 元（已終止支付） | G81: 終止支付 | H81: 23.80 | J81: ✓ | K81: ✓ | L81: ✓
A82: BC05037209 | B82: 1 | C82: 2015-01-01 | D82: 2015-03-31 | E82: 249.00 | F82: 有價 | G82: 首筆 | J82: ✓ | K82: ✓ | L82: ✓
A83: BC05037209 | B83: 2 | C83: 2015-04-01 | D83: 2016-03-31 | E83: 247.00 | F83: 有價 | G83: 降價 | H83: 249.00 | I83: -0.80 | J83: ✓ | K83: ✓ | L83: ✓
A84: BC05037209 | B84: 3 | C84: 2016-04-01 | D84: 2018-04-30 | E84: 246.00 | F84: 有價 | G84: 降價 | H84: 247.00 | I84: -0.40 | J84: ✓ | K84: ✓ | L84: ✓
A85: BC05037209 | B85: 4 | C85: 2018-05-01 | D85: 2024-07-31 | E85: 245.00 | F85: 有價 | G85: 降價 | H85: 246.00 | I85: -0.41 | J85: ✓ | K85: ✓ | L85: ✓
A86: BC05037209 | B86: 5 | C86: 2024-08-01 | D86: 2026-09-30 | E86: 245.00 | F86: 有價 | G86: 未變動 | H86: 245.00 | J86: ✓ | K86: ✓ | L86: ✓
A87: BC05037209 | B87: 6 | C87: 2026-10-01 | D87: （持續有效） | E87: 0.00 | F87: 健保支付價 0 元（已終止支付） | G87: 終止支付 | H87: 245.00 | J87: ✓ | K87: ✓ | L87: ✓
A88: AB47689100 | B88: 1 | C88: 2013-12-01 | D88: 2014-04-30 | E88: 11.40 | F88: 有價 | G88: 首筆 | J88: ✓ | K88: ✓ | L88: ✓
A89: AB47689100 | B89: 2 | C89: 2014-05-01 | D89: 2015-03-31 | E89: 10.90 | F89: 有價 | G89: 降價 | H89: 11.40 | I89: -4.39 | J89: ✓ | K89: ✓ | L89: ✓
A90: AB47689100 | B90: 3 | C90: 2015-04-01 | D90: 2016-03-31 | E90: 10.00 | F90: 有價 | G90: 降價 | H90: 10.90 | I90: -8.26 | J90: ✓ | K90: ✓ | L90: ✓
A91: AB47689100 | B91: 4 | C91: 2016-04-01 | D91: 2017-03-31 | E91: 9.60 | F91: 有價 | G91: 降價 | H91: 10.00 | I91: -4.00 | J91: ✓ | K91: ✓ | L91: ✓
A92: AB47689100 | B92: 5 | C92: 2017-04-01 | D92: 2018-04-30 | E92: 8.90 | F92: 有價 | G92: 降價 | H92: 9.60 | I92: -7.29 | J92: ✓ | K92: ✓ | L92: ✓
A93: AB47689100 | B93: 6 | C93: 2018-05-01 | D93: 2019-03-31 | E93: 8.20 | F93: 有價 | G93: 降價 | H93: 8.90 | I93: -7.87 | J93: ✓ | K93: ✓ | L93: ✓
A94: AB47689100 | B94: 7 | C94: 2019-04-01 | D94: 2020-09-30 | E94: 7.80 | F94: 有價 | G94: 降價 | H94: 8.20 | I94: -4.88 | J94: ✓ | K94: ✓ | L94: ✓
A95: AB47689100 | B95: 8 | C95: 2020-10-01 | D95: 2021-12-31 | E95: 8.20 | F95: 有價 | G95: 漲價 | H95: 7.80 | I95: 5.13 | J95: ✓ | K95: ✓ | L95: ✓
A96: AB47689100 | B96: 9 | C96: 2022-01-01 | D96: 2023-03-31 | E96: 7.80 | F96: 有價 | G96: 降價 | H96: 8.20 | I96: -4.88 | J96: ✓ | K96: ✓ | L96: ✓
A97: AB47689100 | B97: 10 | C97: 2023-04-01 | D97: 2024-03-31 | E97: 7.30 | F97: 有價 | G97: 降價 | H97: 7.80 | I97: -6.41 | J97: ✓ | K97: ✓ | L97: ✓
A98: AB47689100 | B98: 11 | C98: 2024-04-01 | D98: 2026-09-30 | E98: 6.90 | F98: 有價 | G98: 降價 | H98: 7.30 | I98: -5.48 | J98: ✓ | K98: ✓ | L98: ✓
A99: AB47689100 | B99: 12 | C99: 2026-10-01 | D99: （持續有效） | E99: 7.90 | F99: 有價 | G99: 漲價 | H99: 6.90 | I99: 14.49 | J99: ✓ | K99: ✓ | L99: ✓
A100: BC26467100 | B100: 1 | C100: 2015-06-01 | D100: 2019-03-31 | E100: 24.80 | F100: 有價 | G100: 首筆 | J100: ✓ | K100: ✓ | L100: ✓
A101: BC26467100 | B101: 2 | C101: 2019-04-01 | D101: 2020-09-30 | E101: 22.40 | F101: 有價 | G101: 降價 | H101: 24.80 | I101: -9.68 | J101: ✓ | K101: ✓ | L101: ✓
A102: BC26467100 | B102: 3 | C102: 2020-10-01 | D102: 2021-12-31 | E102: 20.90 | F102: 有價 | G102: 降價 | H102: 22.40 | I102: -6.70 | J102: ✓ | K102: ✓ | L102: ✓
A103: BC26467100 | B103: 4 | C103: 2022-01-01 | D103: 2023-03-31 | E103: 20.00 | F103: 有價 | G103: 降價 | H103: 20.90 | I103: -4.31 | J103: ✓ | K103: ✓ | L103: ✓
A104: BC26467100 | B104: 5 | C104: 2023-04-01 | D104: 2023-08-31 | E104: 19.30 | F104: 有價 | G104: 降價 | H104: 20.00 | I104: -3.50 | J104: ✓ | K104: ✓ | L104: ✓
A105: BC26467100 | B105: 6 | C105: 2023-09-01 | D105: 2023-11-30 | E105: 14.70 | F105: 有價 | G105: 降價 | H105: 19.30 | I105: -23.83 | J105: ✓ | K105: ✓ | L105: ✓
A106: BC26467100 | B106: 7 | C106: 2023-12-01 | D106: 2024-08-31 | E106: 10.50 | F106: 有價 | G106: 降價 | H106: 14.70 | I106: -28.57 | J106: ✓ | K106: ✓ | L106: ✓
A107: BC26467100 | B107: 8 | C107: 2024-09-01 | D107: 2025-08-31 | E107: 9.10 | F107: 有價 | G107: 降價 | H107: 10.50 | I107: -13.33 | J107: ✓ | K107: ✓ | L107: ✓
A108: BC26467100 | B108: 9 | C108: 2025-09-01 | D108: 2026-09-30 | E108: 7.40 | F108: 有價 | G108: 降價 | H108: 9.10 | I108: -18.68 | J108: ✓ | K108: ✓ | L108: ✓
A109: BC26467100 | B109: 10 | C109: 2026-10-01 | D109: （持續有效） | E109: 0 | F109: 健保支付價 0 元（已終止支付） | G109: 終止支付 | H109: 7.40 | J109: ✓ | K109: ✓ | L109: ✓
...
